AOA;CL;CD;cm
-1;0.23096;0.00306;-0.143288
-0.875;0.24462;0.00338;-0.14818
-0.675;0.2665;0.00393;-0.155974
-0.475;0.2884;0.00453;-0.163704
-0.275;0.3103;0.0052;-0.171375
-0.175;0.32124;0.00555;-0.175176
-0.075;0.3322;0.00593;-0.178973
0;0.34046;0.00622;-0.181838
0.125;0.35419;0.00672;-0.186565
0.325;0.37616;0.00759;-0.194066
0.525;0.39814;0.00853;-0.201496
0.725;0.42015;0.00954;-0.208856
1;0.44032;0.0105;-0.21643
